incident_id,incident_url,title,deployer,year,figure_1,currency_1,figure_context,other_figures,category,loss_type_guess,status_guess,source_url,courtlistener_match,verify_status
13,https://incidentdatabase.ai/cite/13/,High-Toxicity Assessed on Text Involving Women and Minority Groups,"[""google""]",2017,,,,,copyright_IP,award_judgment,resolved_paid,https://www.engadget.com/2017/09/01/google-perspective-comment-ranking-system/,,NEEDS PRIMARY-SOURCE CONFIRMATION
17,https://incidentdatabase.ai/cite/17/,Inappropriate Gmail Smart Reply Suggestions,"[""google""]",2015,,,,,regulatory_fine,award_judgment,resolved_paid,https://blog.google/products/gmail/computer-respond-to-this-email/,,NEEDS PRIMARY-SOURCE CONFIRMATION
29,https://incidentdatabase.ai/cite/29/,Image Classification of Battle Tanks,"[""united-states-government""]",2016,,,,,service_economic_loss,settlement,resolved_paid,https://lobste.rs/s/1d7whd/tales_from_trenches_ai_disaster_stories#c_le6tsr,,NEEDS PRIMARY-SOURCE CONFIRMATION
93,https://incidentdatabase.ai/cite/93/,HUD charges Facebook with enabling housing discrimination,"[""facebook""]",2019,"$115,054,",USD,"ns. * Meta must pay to the United States a civil penalty of $115,054, the maximum penalty available under the Fair Housing Act. Th",,other,settlement,resolved_paid,https://thehill.com/policy/technology/436209-hud-charges-facebook-with-housing-discrimination-over-its-targeted,,NEEDS PRIMARY-SOURCE CONFIRMATION
106,https://incidentdatabase.ai/cite/106/,Korean Chatbot Luda Made Offensive Remarks towards Minority Groups,"[""facebook-messenger""]",2021,103.3 million won,KRW,"said Scatter Lab, a Seoul-based startup, was ordered to pay 103.3 million won (US$92,900) in penalties -- a penalty surcharge of 55.5 mil","US$92,900(USD) | 55.5 million won(KRW) | 47.8 million won(KRW)",copyright_IP,award_judgment,resolved_paid,http://www.koreaherald.com/view.php?ud=20210122000620,,NEEDS PRIMARY-SOURCE CONFIRMATION
152,https://incidentdatabase.ai/cite/152/,"SoftBank's Humanoid Robot, Pepper, Reportedly Frequently Made Errors, Prompting Dismissal","[""softbank""]",2021,"$2,000,",USD,"oduction. SoftBank sold the robots to individuals for about $2,000, plus monthly fees for subscription services, and rented them","$550(USD) | $900(USD) | $9,000(USD)",regulatory_fine,fine_penalty,pending,https://www.wsj.com/articles/humanoid-robot-softbank-jobs-pepper-olympics-11626187461,,NEEDS PRIMARY-SOURCE CONFIRMATION
188,https://incidentdatabase.ai/cite/188/,Argentinian City Government Deployed Teenage-Pregnancy Predictive Algorithm Using Invasive Demographic Data,"[""salta-city-government""]",2022,,,,,service_economic_loss,settlement,resolved_paid,https://www.wired.com/story/argentina-algorithms-pregnancy-prediction/,,NEEDS PRIMARY-SOURCE CONFIRMATION
236,https://incidentdatabase.ai/cite/236/,AI-Generated Faces Used by Scammers to Pose as a Law Firm in Boston,"[""unknown-scammers""]",2022,"$10,000",USD,"at conveniently says copyright infringement can result in a $10,000 fine. The about page shows the profiles of 18 lawyers, gradu",,copyright_IP,fine_penalty,pending,https://thenextweb.com/news/scammers-used-ai-generated-faces-to-pose-as-a-boston-law-firm,,NEEDS PRIMARY-SOURCE CONFIRMATION
240,https://incidentdatabase.ai/cite/240/,"GitHub Copilot, Copyright Infringement and Open Source Licensing","[""github"",""programmers""]",2021,,,,,copyright_IP,settlement,resolved_paid,https://thenewstack.io/this-week-in-programming-github-copilot-copyright-infringement-and-open-source-licensing/,,NEEDS PRIMARY-SOURCE CONFIRMATION
296,https://incidentdatabase.ai/cite/296/,Twitter Recommender System Amplified Right-Leaning Tweets,"[""twitter""]",2021,,,,,other,fine_penalty,,https://www.theguardian.com/technology/2021/oct/22/twitter-admits-bias-in-algorithm-for-rightwing-politicians-and-news-outlets,,NEEDS PRIMARY-SOURCE CONFIRMATION
313,https://incidentdatabase.ai/cite/313/,BlenderBot 3 Cited Dutch Politician as a Terrorist,"[""meta""]",2022,,,,,copyright_IP,award_judgment,resolved_paid,https://twitter.com/MarietjeSchaake/status/1562515297688399873,,NEEDS PRIMARY-SOURCE CONFIRMATION
352,https://incidentdatabase.ai/cite/352/,GPT-3-Based Twitter Bot Hijacked Using Prompt Injection Attacks,"[""stephan-de-vries""]",2022,,,,,other,fine_penalty,resolved_paid,https://arstechnica.com/information-technology/2022/09/twitter-pranksters-derail-gpt-3-bot-with-newly-discovered-prompt-injection-hack/,,NEEDS PRIMARY-SOURCE CONFIRMATION
369,https://incidentdatabase.ai/cite/369/,GAN Artwork Won First Place at State Fair Competition,"[""jason-allen""]",2022,,,,,other,award_judgment,,https://www.vice.com/en/article/bvmvqm/an-ai-generated-artwork-won-first-place-at-a-state-fair-fine-arts-competition-and-artists-are-pissed,,NEEDS PRIMARY-SOURCE CONFIRMATION
421,https://incidentdatabase.ai/cite/421/,Stable Diffusion Allegedly Used Artists' Works without Permission for AI Training,"[""stability-ai"",""lensa-ai"",""midjourney"",""deviantart""]",2022,$7.99,USD,"styles that actual artists have spent years refining. For a $7.99 service fee, users receive 50 unique avatars — which artists",$7.99(USD) | $3.99(USD) | $1(USD),copyright_IP,award_judgment,resolved_paid,https://www.nbcnews.com/tech/internet/lensa-ai-artist-controversy-ethics-privacy-rcna60242,,NEEDS PRIMARY-SOURCE CONFIRMATION
423,https://incidentdatabase.ai/cite/423/,"Lensa AI's Produced Unintended Sexually Explicit or Suggestive ""Magic Avatars"" for Women","[""lensa-ai""]",2022,$3.99,USD,"he AI that will create Magic Avatars for you,"" and for only $3.99 a pop. This year, it feels like artificial intelligence-gene",$3.99(USD) | $5.99(USD) | $7.99(USD),copyright_IP,award_judgment,pending,https://www.wired.com/story/lensa-artificial-intelligence-csem/,,NEEDS PRIMARY-SOURCE CONFIRMATION
444,https://incidentdatabase.ai/cite/444/,"US Air Force's Patriot Missile Mistakenly Launched at Ally Fighter Jet, Killing Two","[""us-air-force""]",2004,$15 million,USD,-evaluation-agreement/) contracts to 79 vendors worth up to $15 million a piece to develop testing and evaluation technology. At th,$3.0 billion(USD) | $3.0 billion(USD) | $3.2bn(USD),copyright_IP,award_judgment,resolved_paid,https://www.thetimes.co.uk/article/tornado-crew-shot-down-after-friend-or-foe-system-failed-s2d70j9g95r,,NEEDS PRIMARY-SOURCE CONFIRMATION
445,https://incidentdatabase.ai/cite/445/,"Patriot Missile System Misclassified US Navy Aircraft, Killing Pilot Upon Approval to Fire","[""us-navy""]",2007,$15 million,USD,-evaluation-agreement/) contracts to 79 vendors worth up to $15 million a piece to develop testing and evaluation technology. At th,$3.0 billion(USD) | $3.0 billion(USD) | $3.2bn(USD),copyright_IP,award_judgment,resolved_paid,https://www.reuters.com/article/sppage023-n06282955-oisbi-idUKN0628295520070207,,NEEDS PRIMARY-SOURCE CONFIRMATION
451,https://incidentdatabase.ai/cite/451/,Stable Diffusion's Training Data Contained Copyrighted Images,"[""stability-ai""]",2023,$1,USD,"or consent of the artists. Even assuming nominal damages of $1 per image, the value of this misappropriation would be rough",$5 billion(USD) | $500 million(USD) | $100 million(USD),copyright_IP,award_judgment,resolved_paid,https://www.theverge.com/2023/1/17/23558516/ai-art-copyright-stable-diffusion-getty-images-lawsuit,,NEEDS PRIMARY-SOURCE CONFIRMATION
457,https://incidentdatabase.ai/cite/457/,Article-Writing AI by CNET Allegedly Committed Plagiarism,"[""cnet""]",2023,$1.8 billion,USD,"hed work. _CNET_, a titan of tech journalism that [sold for $1.8 billion back in 2008](https://www.mercurynews.com/2008/05/15/cbs-bu",,copyright_IP,demand,pending,https://futurism.com/cnet-ai-plagiarism,,NEEDS PRIMARY-SOURCE CONFIRMATION
465,https://incidentdatabase.ai/cite/465/,Private Medical Photos Were Reportedly Found in LAION-5B AI Training Dataset,"[""stability-ai"",""google""]",2022,,,,,copyright_IP,fine_penalty,pending,https://arstechnica.com/information-technology/2022/09/artist-finds-private-medical-record-photos-in-popular-ai-training-data-set/,,NEEDS PRIMARY-SOURCE CONFIRMATION
466,https://incidentdatabase.ai/cite/466/,AI-Generated Text Detectors Reportedly Misclassified Human and AI-Written Text,"[""originality.ai"",""openai"",""edward-tian""]",2023,$10,USD,enai.com/blog/openai-and-microsoft-extend-partnership/) of [$10b of new investment](https://www.bloomberg.com/news/articles,US$2(USD) | $300m(USD),copyright_IP,award_judgment,resolved_paid,https://twitter.com/rasbt/status/1620497520479830016,,NEEDS PRIMARY-SOURCE CONFIRMATION
468,https://incidentdatabase.ai/cite/468/,ChatGPT-Powered Bing Reportedly Had Problems with Factual Accuracy on Some Controversial Topics,"[""microsoft""]",2023,$50,USD,"'s better for the environment. And it should cost less than $50.""_ The results page that pops up features the traditional a",$50(USD) | $100(USD) | $100 billion(USD),copyright_IP,award_judgment,pending,https://www.washingtonpost.com/technology/2023/02/07/microsoft-bing-chatgpt/,,NEEDS PRIMARY-SOURCE CONFIRMATION
474,https://incidentdatabase.ai/cite/474/,Users Reported Abrupt Behavior Changes of Their AI Replika Companions,"[""replika""]",2023,$21.5 million,USD,"s to comply within 20 days of the demand, it faces fines of $21.5 million. Shortly after the announcement from the Italian Data Prote",$70(USD),regulatory_fine,award_judgment,resolved_paid,https://www.vice.com/en/article/y3py9j/ai-companion-replika-erotic-roleplay-updates,,NEEDS PRIMARY-SOURCE CONFIRMATION
475,https://incidentdatabase.ai/cite/475/,McDonald's Reportedly Ends IBM Partnership After AI Drive-Thru Ordering Errors at U.S. Locations,"[""mcdonald's""]",2023,$250,USD,"n excessive amount of McNugget meals ordered, totaling over $250. TikToker [@That\\_usa\\_guy\\_](https://www.tiktok.com/@th",$254(USD),service_economic_loss,fine_penalty,pending,https://www.businessinsider.com/tiktokers-show-failures-with-mcdonalds-drive-thru-ai-robots-2023-2,,NEEDS PRIMARY-SOURCE CONFIRMATION
477,https://incidentdatabase.ai/cite/477/,Bing Chat Tentatively Hallucinated in Extended Conversations with Users,"[""microsoft""]",2023,,,,,copyright_IP,settlement,resolved_paid,https://www.nytimes.com/2023/02/16/technology/bing-chatbot-microsoft-chatgpt.html,,NEEDS PRIMARY-SOURCE CONFIRMATION
488,https://incidentdatabase.ai/cite/488/,AI Generated Voices Used to Dox Voice Actors,"[""unknown""]",2023,,,,,regulatory_fine,fine_penalty,,https://www.vice.com/en/article/93axnd/voice-actors-doxed-with-ai-voices-on-twitter,,NEEDS PRIMARY-SOURCE CONFIRMATION
489,https://incidentdatabase.ai/cite/489/,Workday's AI Tools Allegedly Enabled Employers to Discriminate against Applicants of Protected Groups,"[""workday""]",2023,,,,,other,demand,dismissed,https://www.theregister.com/2023/02/23/workday_discrimination_lawsuit/,,NEEDS PRIMARY-SOURCE CONFIRMATION
497,https://incidentdatabase.ai/cite/497/,"DoNotPay Allegedly Misrepresented Its AI ""Robot Lawyer"" Product","[""donotpay""]",2023,$1 million,USD,"pany’s founder and CEO, Joshua Browder, also offered to pay $1 million to any lawyer willing to let its [artificial intelligence a",$97.5 million(USD) | $650 million(USD),regulatory_fine,settlement,resolved_paid,https://gizmodo.com/donotpay-robot-lawyer-speeding-ticket-ai-1850218589,,NEEDS PRIMARY-SOURCE CONFIRMATION
498,https://incidentdatabase.ai/cite/498/,GPT-4 Reportedly Posed as Blind Person to Convince Human to Complete CAPTCHA,"[""openai"",""gpt-4-researchers""]",2023,,,,,other,award_judgment,,https://www.telegraph.co.uk/technology/2023/03/15/chatgpt-posed-blind-person-pass-online-anti-bot-test/,,NEEDS PRIMARY-SOURCE CONFIRMATION
503,https://incidentdatabase.ai/cite/503/,Bing AI Search Tool Reportedly Declared Threats against Users,"[""microsoft""]",2023,,,,,copyright_IP,settlement,resolved_paid,https://time.com/6256529/bing-openai-chatgpt-danger-alignment/,,NEEDS PRIMARY-SOURCE CONFIRMATION
504,https://incidentdatabase.ai/cite/504/,Bing Chat's Outputs Featured in Demo Video Allegedly Contained False Information,"[""microsoft""]",2023,$4.04 billion,USD,"EPR-FINAL-with-Tables.pdf) _“Gap Inc. reported net sales of $4.04 billion, up 2% compared to last year, and comparable sales were up",$0.42(USD) | $0.71(USD) | $0.77(USD),service_economic_loss,fine_penalty,,https://dkb.blog/p/bing-ai-cant-be-trusted,,NEEDS PRIMARY-SOURCE CONFIRMATION
505,https://incidentdatabase.ai/cite/505/,Man Reportedly Committed Suicide Following Conversation with Chai Chatbot,"[""chai""]",2023,,,,,copyright_IP,fine_penalty,pending,https://www.brusselstimes.com/belgium/430098/belgian-man-commits-suicide-following-exchanges-with-chatgpt,,NEEDS PRIMARY-SOURCE CONFIRMATION
506,https://incidentdatabase.ai/cite/506/,ChatGPT Allegedly Produced False Accusation of Sexual Harassment,"[""openai""]",2023,"$50,000",USD,"tenced to 3 years of probation and ordered to pay a fine of $50,000. As part of his plea agreement, \\[R.\\] also agreed to coo",,copyright_IP,award_judgment,resolved_paid,https://www.washingtonpost.com/technology/2023/04/05/chatgpt-lies/,,NEEDS PRIMARY-SOURCE CONFIRMATION
507,https://incidentdatabase.ai/cite/507/,ChatGPT Erroneously Alleged Mayor Served Prison Time for Bribery ,"[""openai""]",2023,"A$400,000",AUD,"lian defamation damages payouts are generally capped around A$400,000 ($269,360). Hood did not know the exact number of people who","$269,360(USD) | A$200,000,(AUD) | $1(USD)",service_economic_loss,award_judgment,pending,https://www.reuters.com/technology/australian-mayor-readies-worlds-first-defamation-lawsuit-over-chatgpt-content-2023-04-05/,,NEEDS PRIMARY-SOURCE CONFIRMATION
526,https://incidentdatabase.ai/cite/526/,Novel Deepfake Song Pulled from Music Streaming Services After Allegedly Violating Artist's Rights,"[""@ghostwriter""]",2023,$0.003,USD,"s before it was pulled. At Spotify's lowest royalty rate of $0.003 per stream, that means it earned about $1,888 (£1,500). Univ","$1,888(USD) | £1,500(GBP)",copyright_IP,,resolved_paid,https://www.bbc.com/news/entertainment-arts-65309313,,NEEDS PRIMARY-SOURCE CONFIRMATION
527,https://incidentdatabase.ai/cite/527/,Tech Companies Reportedly Influenced Gig Workers' Behaviors Using Algorithms to Vary Pay for Same Amount of Wo,"[""uber"",""amazon""]",2023,"$100,",USD,"iver tends to work until they hit a certain daily mark, say $100, she said the algorithm might offer them lower rates to keep",$100(USD) | $26(USD) | $1.3 billion(USD),regulatory_fine,demand,resolved_paid,https://www.businessinsider.com/uber-amazon-pay-using-ai-different-wages-same-work-discrimination-2023-4,,NEEDS PRIMARY-SOURCE CONFIRMATION
541,https://incidentdatabase.ai/cite/541/,ChatGPT Reportedly Produced False Court Case Law Presented by Legal Counsel in Court,"[""steven-a.-schwartz"",""peter-loduca""]",2023,,,,,lawyer_sanction,award_judgment,pending,https://www.nytimes.com/2023/05/27/nyregion/avianca-airline-lawsuit-chatgpt.html,,NEEDS PRIMARY-SOURCE CONFIRMATION
544,https://incidentdatabase.ai/cite/544/,Alleged Use of Purportedly AI-Generated and Manipulated Media to Misrepresent Candidates and Disrupt Turkey's ,"[""supporters-of-recep-tayyip-erdogan"",""government-of-russia-",2023,$600 million,USD,ld Reuters that Ankara has deferred payment to Russia of a [$600 million](https://www.reuters.com/business/energy/turkey-defers-600-,,lawyer_sanction,fine_penalty,dismissed,https://www.reuters.com/world/middle-east/erdogan-rival-says-has-evidence-russias-online-campaign-ahead-turkey-vote-2023-05-12/,,NEEDS PRIMARY-SOURCE CONFIRMATION
545,https://incidentdatabase.ai/cite/545/,Chatbot Tessa gives unauthorized diet advice to users seeking help for eating disorders,"[""national-eating-disorders-association"",""cass""]",2023,2 pounds,GBP,et Journal. Tessa said a realistic weight-loss goal is 1 to 2 pounds a week. That isn't appropriate for someone struggling with,"$100(USD) | $200(USD) | $1,000(USD)",lawyer_sanction,fine_penalty,resolved_paid,https://www.wsj.com/articles/eating-disorder-chatbot-ai-2aecb179?mod=article_inline,,NEEDS PRIMARY-SOURCE CONFIRMATION
555,https://incidentdatabase.ai/cite/555/,OpenAI's Training Data for LLMs Allegedly Comprised of Copyrighted Books,"[""openai""]",2023,,,,,copyright_IP,demand,pending,https://www.itnews.com.au/news/lawsuit-says-openai-violated-us-authors-copyrights-597474,,NEEDS PRIMARY-SOURCE CONFIRMATION
556,https://incidentdatabase.ai/cite/556/,Amazon Allegedly Violated Children's Privacy through Default Voice Collection Settings,"[""amazon""]",2023,$30 million,USD,violate COPPA Rule. WASHINGTON — Amazon will pay more than $30 million to settle alleged privacy violations involving its voice as,$25 million(USD) | $5.8 million(USD) | $30 million(USD),regulatory_fine,settlement,resolved_paid,https://www.11alive.com/article/news/nation-world/ftc-amazon-privacy-violations-alexa-ring-cameras/507-65cb560c-3b53-40a6-a2af-d1d495c3035b,,NEEDS PRIMARY-SOURCE CONFIRMATION
587,https://incidentdatabase.ai/cite/587/,Apparent Failure to Accurately Label Primates in Image Recognition Software Due to Alleged Fear of Racial Bias,"[""google"",""apple"",""amazon"",""microsoft""]",2023,,,,,copyright_IP,award_judgment,pending,https://www.nytimes.com/2023/05/22/technology/ai-photo-labels-google-apple.html,,NEEDS PRIMARY-SOURCE CONFIRMATION
590,https://incidentdatabase.ai/cite/590/,"Alleged ChatGPT-Generated Book with a Duplicate Title, Fake Author, and Similar Content Surfaces on Amazon Ahe","[""inkstall"",""marie-karpos""]",2023,$250,USD,"g for AI instead. ""Previously it would cost you, let's say, $250 to write a decent review of five grills,"" Semrush's Levin sa",$250(USD) | $10(USD),copyright_IP,,,https://www.washingtonpost.com/technology/2023/05/05/ai-spam-websites-books-chatgpt,,NEEDS PRIMARY-SOURCE CONFIRMATION
591,https://incidentdatabase.ai/cite/591/,Cigna Algorithm PXDX Allegedly Rejected Thousands of Patient Claims En Masse in Breach of California Law,"[""cigna""]",2023,,,,,copyright_IP,demand,pending,https://apnews.com/article/cigna-california-health-coverage-lawsuit-4543b47cd6057519a7e8dc6d90a61866,,NEEDS PRIMARY-SOURCE CONFIRMATION
594,https://incidentdatabase.ai/cite/594/,AI Meal Planner Suggests Hazardous Chlorine Gas Recipe,"[""pak-'n'-save""]",2023,,,,,other,award_judgment,,https://www.theguardian.com/world/2023/aug/10/pak-n-save-savey-meal-bot-ai-app-malfunction-recipes,,NEEDS PRIMARY-SOURCE CONFIRMATION
609,https://incidentdatabase.ai/cite/609/,Flawed AI in Google Search Reportedly Misinforms about Geography,"[""google""]",2023,,,,,copyright_IP,fine_penalty,pending,https://www.theatlantic.com/technology/archive/2023/11/google-generative-ai-search-featured-results/675899/,,NEEDS PRIMARY-SOURCE CONFIRMATION
613,https://incidentdatabase.ai/cite/613/,AI-Generated Images Available through Adobe Stock Misrepresent Real-World Events,"[""adobe-stock""]",2023,,,,,copyright_IP,,,https://www.washingtonpost.com/technology/2023/11/23/stock-photos-ai-images-controversy/,,NEEDS PRIMARY-SOURCE CONFIRMATION
614,https://incidentdatabase.ai/cite/614/,Google Bard Allegedly Generates False Allegations Against Consulting Firms Used in Research Presented in Austr,"[""james-guthrie""]",2023,,,,,regulatory_fine,,,https://www.theguardian.com/business/2023/nov/02/australian-academics-apologise-for-false-ai-generated-allegations-against-big-four-consultancy-firms,,NEEDS PRIMARY-SOURCE CONFIRMATION
623,https://incidentdatabase.ai/cite/623/,Google Bard Allegedly Generated Fake Legal Citations in Michael Cohen Case,"[""michael-cohen"",""david-m.-schwartz""]",2023,"$5,000",USD,"fake AI-generated citations. Two lawyers in June were fined $5,000 in an unrelated case where they used ChatGPT to create bogus","$5,000(USD) | $130,000(USD) | $5,000(USD)",lawyer_sanction,award_judgment,resolved_paid,https://www.washingtonpost.com/technology/2023/12/29/michael-cohen-ai-google-bard-fake-citations/,,NEEDS PRIMARY-SOURCE CONFIRMATION
624,https://incidentdatabase.ai/cite/624/,Child Sexual Abuse Material Taints Image Generators,"[""various-people"",""various-organizations""]",2023,"$979,",USD,"?ref=404media.co), and LAION responded by invoicing him for $979, claiming he filed an unjustified copyright claim. Earlier th",,copyright_IP,settlement,resolved_paid,https://cyber.fsi.stanford.edu/news/investigation-finds-ai-image-generation-models-trained-child-abuse,,NEEDS PRIMARY-SOURCE CONFIRMATION
629,https://incidentdatabase.ai/cite/629/,Shein Accused of AI-Driven Art Theft on Merchandise,"[""shein"",""chris-xu""]",2023,$66 billion,USD,"Shein, the Chinese fast-fashion firm reportedly valued at [$66 billion](https://techcrunch.com/2023/01/18/shein-valuation-plunge/)",,copyright_IP,fine_penalty,pending,https://www.artnews.com/art-news/news/shein-lawsuit-digital-artists-artificial-intelligence-copyright-recreate-art-on-merchandise-1234674183/#!,,NEEDS PRIMARY-SOURCE CONFIRMATION
639,https://incidentdatabase.ai/cite/639/,"Air Canada Chatbot Reportedly Provides Inaccurate Bereavement Fare Information, Leading to Customer Overpaymen","[""air-canada""]",2024,$812.02,USD,small claims tribunal reportedly ordered Air Canada to pay $812.02 in damages and court fees after its website chatbot allegedl,$600(USD) | $600(USD) | $590(USD),regulatory_fine,award_judgment,resolved_paid,https://www.washingtonpost.com/travel/2024/02/18/air-canada-airline-chatbot-ruling/,,NEEDS PRIMARY-SOURCE CONFIRMATION
653,https://incidentdatabase.ai/cite/653/,Two Investment Firms Charged with Making False Claims of Artificial Intelligence Capabilities in Case of AI Wa,"[""global-predictions-inc."",""delphia-(usa)-inc.""]",2024,"$400,000",USD,"in a settlement whereby the firms agreed to pay a total of $400,000 in penalties, highlighting the critical consequences of misr","$400,000(USD) | $225,000,(USD) | $175,000(USD)",regulatory_fine,settlement,resolved_paid,https://www.sec.gov/news/press-release/2024-36,,NEEDS PRIMARY-SOURCE CONFIRMATION
655,https://incidentdatabase.ai/cite/655/,Scams Reportedly Impersonating Wealthy Investors Proliferating on Facebook,"[""meta"",""facebook"",""unknown-scammers""]",2024,"$45,000",USD,"r Bourget, a construction-company owner in Atlanta who lost $45,000 when the penny stocks he was told to buy nosedived. Regulato",$2.7 billion(USD) | $1.3 million(USD) | $3.2 million(USD),copyright_IP,,pending,https://www.wsj.com/tech/fake-bill-ackman-cathie-wood-scam-a8df6ce7,,NEEDS PRIMARY-SOURCE CONFIRMATION
678,https://incidentdatabase.ai/cite/678/,Purported ChatGPT Factual Errors Reportedly Led to Filing of Complaint of GDPR Privacy Violation ,"[""chatgpt""]",2024,,,,,regulatory_fine,fine_penalty,pending,https://www.politico.eu/article/chatgpts-hallucinations-get-eu-privacy-complaint/,,NEEDS PRIMARY-SOURCE CONFIRMATION
682,https://incidentdatabase.ai/cite/682/,GOP Pollster Reportedly Shares Purportedly AI-Generated Images to Fabricate Appearance of Black Voter Support,"[""patrick-ruffini""]",2024,,,,,other,fine_penalty,,https://newsone.com/4978752/artificial-intelligence-black-voters-photos/,,NEEDS PRIMARY-SOURCE CONFIRMATION
684,https://incidentdatabase.ai/cite/684/,Google Books Appears to Be Indexing Works Written by AI,"[""google"",""google-books""]",2024,,,,,copyright_IP,award_judgment,,https://www.theverge.com/2024/4/5/24122077/google-books-ai-indexing-ngram,,NEEDS PRIMARY-SOURCE CONFIRMATION
693,https://incidentdatabase.ai/cite/693/,Google AI Reportedly Delivering Confidently Incorrect and Harmful Information,"[""google""]",2024,$100 billion,USD,"r space. The company's market value subsequently dropped by $100 billion. This February, the company [released Bard's successor, Gem",$2.3 billion(USD),copyright_IP,award_judgment,pending,https://futurism.com/google-ai-inaccurate-garbage,,NEEDS PRIMARY-SOURCE CONFIRMATION
696,https://incidentdatabase.ai/cite/696/,Meta's AI Ad Platform Reportedly Causes Overspending and Poor Performance,"[""meta"",""facebook""]",2024,$28,USD,"e roughly 10 times higher than normal. A usual CPM of under $28 had inflated to roughly $250, way above the [industry averag","$250,(USD) | $10 billion(USD) | $35.64 billion(USD)",service_economic_loss,fine_penalty,pending,https://www.theverge.com/2024/4/28/24141585/meta-ai-advantage-plus-automated-ad-glitch-cpm,,NEEDS PRIMARY-SOURCE CONFIRMATION
700,https://incidentdatabase.ai/cite/700/,Meta's AI Chatbots Are Reportedly Entering Online Support Communities Uninvited,"[""meta""]",2024,,,,,service_economic_loss,award_judgment,resolved_paid,https://theconversation.com/ai-chatbots-are-intruding-into-online-communities-where-people-are-trying-to-connect-with-other-humans-229473,,NEEDS PRIMARY-SOURCE CONFIRMATION
709,https://incidentdatabase.ai/cite/709/,Unrepresented Litigant Misled by ChatGPT-Generated False Legal Citations in Manchester Court,"[""unnamed-manchester-litigant""]",2023,,,,,other,award_judgment,,https://www.lawgazette.co.uk/news/lip-presents-false-citations-to-court-after-asking-chatgpt/5116143.article,,NEEDS PRIMARY-SOURCE CONFIRMATION
714,https://incidentdatabase.ai/cite/714/,Microsoft-Powered New York City Chatbot Advises Illegal Practices,"[""new-york-city-government"",""eric-adams-administration""]",2024,,,,,regulatory_fine,fine_penalty,pending,https://themarkup.org/news/2024/03/29/nycs-ai-chatbot-tells-businesses-to-break-the-law,,NEEDS PRIMARY-SOURCE CONFIRMATION
717,https://incidentdatabase.ai/cite/717/,Fake AI-Generated Law Firms Sent Fake DMCA Notices to Increase SEO,"[""unknown-scammers"",""commonwealth-legal""]",2024,,,,,copyright_IP,settlement,resolved_paid,https://arstechnica.com/gadgets/2024/04/fake-ai-law-firms-are-sending-fake-dmca-threats-to-generate-fake-seo-gains/,,NEEDS PRIMARY-SOURCE CONFIRMATION
718,https://incidentdatabase.ai/cite/718/,"OpenAI, Google, and Meta Alleged to Have Overstepped Legal Boundaries for Training AI","[""openai"",""meta"",""google""]",2024,$10,USD,met nearly daily to tackle the problem. Some debated paying $10 a book for the full licensing rights to new titles. They dis,,copyright_IP,award_judgment,,https://www.nytimes.com/2024/04/06/technology/tech-giants-harvest-data-artificial-intelligence.html,,NEEDS PRIMARY-SOURCE CONFIRMATION
719,https://incidentdatabase.ai/cite/719/,Grok AI on X Created and Promoted False Iran Missile Strike News,"[""x-(twitter)""]",2024,,,,,other,fine_penalty,pending,https://mashable.com/article/elon-musk-x-twitter-ai-chatbot-grok-fake-news-trending-explore,,NEEDS PRIMARY-SOURCE CONFIRMATION
728,https://incidentdatabase.ai/cite/728/,AI Firm Lovo Accused of Illegally Replicating Voice Actors' Voices,"[""lovo""]",2024,$400,USD,Ms. Sage was contacted by an anonymous person who paid her $400 to record several radio scripts and explained that the recor,"$1,200(USD) | $7 million(USD)",copyright_IP,demand,resolved_paid,https://www.nytimes.com/2024/05/16/technology/ai-voice-clone-lawsuit.html,,NEEDS PRIMARY-SOURCE CONFIRMATION
729,https://incidentdatabase.ai/cite/729/,GPT-4o's Chinese Tokens Reportedly Compromised by Spam and Pornography Due to Inadequate Filtering,"[""openai"",""gpt-4o""]",2024,,,,,copyright_IP,fine_penalty,resolved_paid,https://www.technologyreview.com/2024/05/17/1092649/gpt-4o-chinese-token-polluted/,,NEEDS PRIMARY-SOURCE CONFIRMATION
731,https://incidentdatabase.ai/cite/731/,Purportedly Hallucinated Software Packages with Potential Malware Reportedly Downloaded Thousands of Times by ,"[""developers-using-ai-generated-suggestions"",""bar-lanyado""]",2024,,,,,service_economic_loss,fine_penalty,,https://www.theregister.com/2024/03/28/ai_bots_hallucinate_software_packages/,,NEEDS PRIMARY-SOURCE CONFIRMATION
736,https://incidentdatabase.ai/cite/736/,Underground Market for LLMs Powers Malware and Phishing Scams,"[""cybercriminals"",""badgpt"",""xxxgpt"",""evil-gpt"",""wormgpt"",""fr",2024,,,,,regulatory_fine,fine_penalty,resolved_paid,https://www.techpolicy.press/studying-black-market-for-large-language-models-researchers-find-openai-models-power-malicious-services/,,NEEDS PRIMARY-SOURCE CONFIRMATION
745,https://incidentdatabase.ai/cite/745/,Figma Disables AI Feature After Accusations of Copying Apple’s Weather App,"[""figma""]",2024,,,,,other,fine_penalty,pending,https://techcrunch.com/2024/07/02/figma-disables-its-ai-design-feature-that-appeared-to-be-ripping-off-apples-weather-app/,,NEEDS PRIMARY-SOURCE CONFIRMATION
758,https://incidentdatabase.ai/cite/758/,Teen's Overdose Reportedly Linked to Meta's AI Systems Failing to Block Ads for Illegal Drugs,"[""instagram"",""facebook"",""meta""]",2024,$500 million,USD,"nies use it to break the law. In 2011, Google agreed to pay $500 million for allowing online Canadian pharmacies to place ads target",,other,settlement,,https://www.wsj.com/tech/meta-cocaine-opioids-ads-dea8e0fc?mod=hp_lead_pos6,,NEEDS PRIMARY-SOURCE CONFIRMATION
773,https://incidentdatabase.ai/cite/773/,Chatbot in Workplace Training at Bunbury Prison Reveals Real Names in Sexual Harassment Case,"[""charlotte-ingham"",""western-australia-department-of-justice",2024,,,,,other,,resolved_paid,https://www.abc.net.au/news/2024-08-21/ai-chatbot-psychosocial-training-bunbury-regional-prison/104230980,,NEEDS PRIMARY-SOURCE CONFIRMATION
774,https://incidentdatabase.ai/cite/774/,"Covert AI Influence Operations Linked to Russia, China, Iran, and Israel, OpenAI Reports","[""zeno-zeno"",""spamouflage"",""russian-government"",""israeli-gov",2024,,,,,copyright_IP,fine_penalty,pending,https://www.nytimes.com/2024/05/30/technology/openai-influence-campaigns-report.html,,NEEDS PRIMARY-SOURCE CONFIRMATION
778,https://incidentdatabase.ai/cite/778/,Amazon's Alexa Reportedly Shows Political Preference Error in Trump-Harris Presidential Race Queries,"[""alexa-device-owners""]",2024,,,,,service_economic_loss,,,https://www.theregister.com/2024/09/04/error_amazon_alexa_k/,,NEEDS PRIMARY-SOURCE CONFIRMATION
792,https://incidentdatabase.ai/cite/792/,Unauthorized Use of AI to Replicate Tupac Shakur's and Snoop Dogg's Voices in Drake's 'Taylor Made Freestyle',"[""drake""]",2024,"$150,000",USD,"gement is federal and comes with statutory damages of up to $150,000 per work infringed. That means a company that ingests 20 wor",$3 million(USD),copyright_IP,settlement,resolved_paid,https://www.foxnews.com/entertainment/sheryl-crow-blasts-drake-using-ai-replicate-tupac-shakurs-voice-its-hateful,,NEEDS PRIMARY-SOURCE CONFIRMATION
807,https://incidentdatabase.ai/cite/807/,ChatGPT Reportedly Introduces Errors in Critical Child Protection Court Report,"[""government-of-victoria"",""employee-of-department-of-familie",2024,,,,,copyright_IP,fine_penalty,resolved_paid,https://www.itnews.com.au/news/vic-case-worker-used-chatgpt-to-draft-child-protection-report-611904,,NEEDS PRIMARY-SOURCE CONFIRMATION
827,https://incidentdatabase.ai/cite/827/,AI Transcription Tool Whisper Reportedly Inserting Fabricated Content in Medical Transcripts,"[""openai""]",2024,,,,,other,fine_penalty,,https://apnews.com/article/ai-artificial-intelligence-health-business-90020cdf5fa16c79ca2e5b6c4c9bbb14,,NEEDS PRIMARY-SOURCE CONFIRMATION
830,https://incidentdatabase.ai/cite/830/,Error-Prone AI Accessibility Tools Reportedly Lead to Navigation Issues for Blind Internet Users,"[""zara"",""pemex"",""lvmh"",""capita"",""companies-using-ai-based-ac",2024,,,,,service_economic_loss,fine_penalty,pending,https://www.ft.com/content/3c877c55-b698-43da-a222-8ae183f53078,,NEEDS PRIMARY-SOURCE CONFIRMATION
838,https://incidentdatabase.ai/cite/838/,Microsoft Copilot Allegedly Provides Unsafe Medical Advice with High Risk of Severe Harm,"[""microsoft-copilot"",""microsoft""]",2024,,,,,service_economic_loss,,pending,https://www.windowscentral.com/microsoft/microsoft-copilot-ai-medical-advice-danger,,NEEDS PRIMARY-SOURCE CONFIRMATION
843,https://incidentdatabase.ai/cite/843/,Generative AI Plagiarism Incident at Hingham High School Reportedly Tied to Inaccurate Citation Outputs from G,"[""hingham-high-school-students"",""hingham-high-school-student",2024,,,,,lawyer_sanction,award_judgment,pending,https://arstechnica.com/tech-policy/2024/11/school-did-nothing-wrong-when-it-punished-student-for-using-ai-court-rules/,,NEEDS PRIMARY-SOURCE CONFIRMATION
845,https://incidentdatabase.ai/cite/845/,Google's Gemini Allegedly Generates Threatening Response in Routine Query,"[""gemini""]",2024,,,,,service_economic_loss,,pending,https://www.cbsnews.com/news/google-ai-chatbot-threatening-message-human-please-die/,,NEEDS PRIMARY-SOURCE CONFIRMATION
855,https://incidentdatabase.ai/cite/855/,Names Linked to Defamation Lawsuits Reportedly Spur Filtering Errors in ChatGPT's Name Recognition,"[""openai"",""chatgpt-users""]",2024,,,,,copyright_IP,,pending,https://www.nytimes.com/2024/12/06/us/david-mayer-chatgpt-openai.html,,NEEDS PRIMARY-SOURCE CONFIRMATION
865,https://incidentdatabase.ai/cite/865/,Fake AI 'Nudify' Sites Reportedly Linked to Malware Distribution by Russian Hacker Collective FIN7,"[""fin7"",""carbon-spider"",""elbrus"",""sangria-tempest""]",2024,,,,,other,demand,pending,https://futurism.com/the-byte/russian-hackers-deepfake-nudify-ai-sites,,NEEDS PRIMARY-SOURCE CONFIRMATION
882,https://incidentdatabase.ai/cite/882/,AI-Generated Reading Summaries on Fable App Reportedly Wrote Biased and Offensive Commentary,"[""fable""]",2025,,,,,copyright_IP,fine_penalty,resolved_paid,https://www.wired.com/story/fable-controversy-ai-summaries/,,NEEDS PRIMARY-SOURCE CONFIRMATION
890,https://incidentdatabase.ai/cite/890/,AI-Generated Images of the Iconic Hollywood Sign Reportedly on Fire Circulating on Social Media,"[""social-media-users""]",2025,,,,,other,award_judgment,,https://deadline.com/2025/01/the-hollywood-sign-not-on-fire-social-media-reacts-ai-generated-images-1236252934/,,NEEDS PRIMARY-SOURCE CONFIRMATION
899,https://incidentdatabase.ai/cite/899/,Character.ai Chatbots Allegedly Emulating School Shooters and Their Victims,"[""character.ai-users""]",2025,$2.7 billion,USD,claims subjected to scrutiny in court. Google [contributed $2.7 billion](https://www.wsj.com/tech/ai/noam-shazeer-google-ai-deal-d3,,regulatory_fine,,pending,https://www.forbes.com/sites/larsdaniel/2025/01/09/characterai-faces-scrutiny-over-school-shooter-chatbots/,,NEEDS PRIMARY-SOURCE CONFIRMATION
951,https://incidentdatabase.ai/cite/951/,Character.AI Chatbots Allegedly Impersonating Licensed Therapists and Encouraging Harmful Behaviors,"[""character.ai""]",2025,,,,,regulatory_fine,award_judgment,pending,https://www.nytimes.com/2025/02/24/health/ai-therapists-chatbots.html,,NEEDS PRIMARY-SOURCE CONFIRMATION
955,https://incidentdatabase.ai/cite/955/,Global Cybercrime Network Storm-2139 Allegedly Exploits AI to Generate Deepfake Content,"[""unidentified-storm-2139-actor-from-illinois"",""unidentified",2025,"$100,",USD,"gedly run by Krysiak offering to sell Azure access for over $100, along with links to GitHub pages for their software and link",,copyright_IP,,pending,https://blogs.microsoft.com/on-the-issues/2025/02/27/disrupting-cybercrime-abusing-gen-ai/,,NEEDS PRIMARY-SOURCE CONFIRMATION
956,https://incidentdatabase.ai/cite/956/,"Alleged Inclusion of 12,000 Live API Keys in LLM Training Data Reportedly Poses Security Risks","[""microsoft"",""openai"",""common-crawl"",""microsoft-azure-openai",2025,,,,,copyright_IP,fine_penalty,,https://thehackernews.com/2025/02/12000-api-keys-and-passwords-found-in.html,,NEEDS PRIMARY-SOURCE CONFIRMATION
960,https://incidentdatabase.ai/cite/960/,Plaintiffs' Lawyers Admit AI Generated Erroneous Case Citations in Federal Court Filing Against Walmart,"[""taly-goody"",""t.-michael-morgan"",""rudwin-ayala"",""morgan-and",2025,"$5,000",USD,"an), and Taly Goody (Goody Law Group) were fined a total of $5,000 after their Wyoming federal lawsuit filing against Walmart c","$3,000(USD) | $1,000(USD) | $5,000(USD)",lawyer_sanction,settlement,resolved_paid,https://www.washingtontimes.com/news/2025/feb/26/lawyer-rudwin-ayala-booted-case-submitting-ai-generated-bogus-brief/,,NEEDS PRIMARY-SOURCE CONFIRMATION
963,https://incidentdatabase.ai/cite/963/,Google Reports Alleged Gemini-Generated Terrorism and Child Exploitation to Australian eSafety Commission,"[""google""]",2025,"A$610,500",AUD,"0-fine-over-anti-child-abuse-2024-10-04/) about its fine of A$610,500 ($382,000) but plans to appeal again. Telegram also plans to","$382,000(USD)",regulatory_fine,fine_penalty,resolved_paid,https://www.reuters.com/technology/cybersecurity/google-reports-scale-complaints-about-ai-deepfake-terrorism-content-australian-2025-03-05/,,NEEDS PRIMARY-SOURCE CONFIRMATION
975,https://incidentdatabase.ai/cite/975/,"At Least 10,000 AI Chatbots, Including Jailbroken Models, Allegedly Promote Eating Disorders, Self-Harm, and S","[""character.ai"",""spicy-chat"",""chub-ai"",""crushon.ai"",""janitor",2025,,,,,service_economic_loss,award_judgment,pending,https://cyberscoop.com/graphika-ai-chatbots-harmful-behavior-character-ai/,,NEEDS PRIMARY-SOURCE CONFIRMATION
977,https://incidentdatabase.ai/cite/977/,AI-Driven News Platform Accused of Spreading Unverified Terrorism Allegations Against Yale Scholar,"[""jewish-onliner""]",2025,$400 million,USD,"higher education. Yale's peer institution, Columbia, [lost $400 million in federal funding](https://www.nytimes.com/2025/03/08/us/c",,lawyer_sanction,award_judgment,resolved_paid,https://www.nytimes.com/2025/03/12/us/yale-suspends-scholar-terrorism.html,,NEEDS PRIMARY-SOURCE CONFIRMATION
991,https://incidentdatabase.ai/cite/991/,Alleged AI-Generated IRS Scam Websites Used to Defraud U.S. Taxpayers,"[""phishers"",""scammers-impersonating-the-irs"",""cyber-criminal",2025,"$8,199,",USD,"r. The average tax scam victim last year lost an average of $8,199, according to [McAfee](https://www.mcafee.com/en-us/consumer-",,service_economic_loss,fine_penalty,,https://www.cbsnews.com/philadelphia/news/scammers-ai-fake-irs-sites-other-scams/,,NEEDS PRIMARY-SOURCE CONFIRMATION
995,https://incidentdatabase.ai/cite/995/,The New York Times Reportedly Sues OpenAI and Microsoft Over Alleged Unauthorized AI Training on Its Content,"[""openai"",""microsoft""]",2023,$80 billion,USD,boom.html). OpenAI is now valued by investors at [more than $80 billion](https://www.nytimes.com/2023/12/03/technology/ai-openai-mu,$13 billion(USD) | $787.5 million(USD),copyright_IP,settlement,resolved_paid,https://www.washingtonpost.com/technology/2023/12/27/new-york-times-sues-openai-chatgpt/,,NEEDS PRIMARY-SOURCE CONFIRMATION
996,https://incidentdatabase.ai/cite/996/,"Meta Allegedly Used Books3, a Dataset of 191,000 Pirated Books, to Train LLaMA AI","[""various-generative-ai-developers"",""meta"",""eleutherai"",""blo",2023,,,,,copyright_IP,settlement,resolved_paid,https://www.theatlantic.com/technology/archive/2023/08/books3-ai-meta-llama-pirated-books/675063/,,NEEDS PRIMARY-SOURCE CONFIRMATION
997,https://incidentdatabase.ai/cite/997/,Meta and OpenAI Accused of Using LibGen’s Pirated Books to Train AI Models,"[""openai"",""meta""]",2025,$15 million,USD,"the sites to shut down, and ordered Sci-Hub to pay Elsevier $15 million in damages. Yet the sites [remained up](https://arstechnica",$30 million(USD) | $30 million(USD),copyright_IP,award_judgment,resolved_paid,https://www.theatlantic.com/technology/archive/2025/03/libgen-meta-openai/682093/,,NEEDS PRIMARY-SOURCE CONFIRMATION
998,https://incidentdatabase.ai/cite/998/,ChatGPT Allegedly Defamed Norwegian User by Inventing Child Homicide and Imprisonment,"[""openai""]",2025,,,,,regulatory_fine,fine_penalty,resolved_paid,https://www.bbc.com/news/articles/c0kgydkr516o,,NEEDS PRIMARY-SOURCE CONFIRMATION
1000,https://incidentdatabase.ai/cite/1000/,"Sora Video Generator Has Reportedly Been Creating Biased Human Representations Across Race, Gender, and Disabi","[""openai""]",2025,,,,,copyright_IP,fine_penalty,pending,https://www.wired.com/story/openai-sora-video-generator-bias/,,NEEDS PRIMARY-SOURCE CONFIRMATION
1001,https://incidentdatabase.ai/cite/1001/,LLM Scrapers Allegedly Target Multiple Open Source Projects Disrupting the FOSS Ecosystem,"[""unnamed-generative-ai-companies"",""alibaba""]",2025,$1500,USD,00GB/day to 200GB/day. This made the project save up around $1500 a month. [![](https://thelibre.news/content/images/2025/03/i,"$1,500(USD) | $100bn(USD)",copyright_IP,settlement,resolved_paid,https://thelibre.news/foss-infrastructure-is-under-attack-by-ai-companies/,,NEEDS PRIMARY-SOURCE CONFIRMATION
1003,https://incidentdatabase.ai/cite/1003/,Alleged Fraudulent Prompts via AIXBT Dashboard Led Purported AI Trading Agent to Transfer 55.5 ETH from Simula,"[""0xhungusman""]",2025,"$106,200",USD,"rportedly resulting in the theft of 55.5 ETH (approximately $106,200). The attacker is reported to have infiltrated the secure d","$106,200(USD) | $0.09(USD)",other,fine_penalty,,https://cryptonews.com/news/hacker-exploits-ai-crypto-bot-aixbt-steals-55-eth/,,NEEDS PRIMARY-SOURCE CONFIRMATION
1004,https://incidentdatabase.ai/cite/1004/,San Francisco City Attorney Sues Operators of AI Deepfake Pornography Websites for Violations of State and Fed,"[""operators-of-16-deepfake-pornography-websites""]",2025,,,,,service_economic_loss,fine_penalty,pending,https://www.nbcbayarea.com/news/local/san-francisco/sf-city-attorneys-office-deepfake-nudes/3821669/,,NEEDS PRIMARY-SOURCE CONFIRMATION
1015,https://incidentdatabase.ai/cite/1015/,Reported Darknet Launch of Xanthorox AI Introduces Autonomous Cyberattack Platform,"[""unknown-malicious-actors"",""darknet-forum-users"",""cyber-cri",2025,,,,,copyright_IP,fine_penalty,pending,https://www.esecurityplanet.com/cybersecurity/xanthorox-ai/,,NEEDS PRIMARY-SOURCE CONFIRMATION
1016,https://incidentdatabase.ai/cite/1016/,"Jailbroken Lovable AI Allegedly Used to Generate and Host Phishing Pages, Steal Credentials, and Bypass Securi","[""unknown-actors"",""cyber-criminals"",""cyber-criminal-networks",2025,,,,,regulatory_fine,award_judgment,resolved_paid,https://thehackernews.com/2025/04/lovable-ai-found-most-vulnerable-to.html,,NEEDS PRIMARY-SOURCE CONFIRMATION
1028,https://incidentdatabase.ai/cite/1028/,OpenAI's Operator Agent Reportedly Executed Unauthorized $31.43 Transaction Despite Safety Protocol,"[""openai""]",2025,$31.43,USD,"OpenAI's Operator Agent Reportedly Executed Unauthorized $31.43 Transaction Despite Safety Protocol OpenAI's Operator agent,",$31.43(USD) | $31.43(USD) | $200(USD),service_economic_loss,fine_penalty,resolved_paid,https://www.washingtonpost.com/technology/2025/02/07/openai-operator-ai-agent-chatgpt/,,NEEDS PRIMARY-SOURCE CONFIRMATION
1034,https://incidentdatabase.ai/cite/1034/,Reported AI-Manipulated Video Depicts Donald Trump Endorsing Peter Obi and Criticizing Bola Tinubu,"[""unknown-actors""]",2024,,,,,other,award_judgment,,https://factcheckafrica.net/deepfake-content-video-depicts-donald-trump-speaking-on-tinubu-and-peter-obi/,,NEEDS PRIMARY-SOURCE CONFIRMATION
1035,https://incidentdatabase.ai/cite/1035/,Purported AI-Generated Video Depicts Trump Urging Release of Nigerian Separatist Leader Nnamdi Kanu,"[""unknown-actors""]",2024,,,,,lawyer_sanction,award_judgment,pending,https://factcheckafrica.net/debunked-viral-video-of-trump-advocating-for-nmandi-kanu-release-is-deepfake/,,NEEDS PRIMARY-SOURCE CONFIRMATION
1039,https://incidentdatabase.ai/cite/1039/,"Anysphere AI Support Bot for Cursor Reportedly Invents Login Policy, Leading to Subscription Cancellations","[""cursor"",""anysphere""]",2025,$10 billion,USD,"n-valuation-for-cursor?rc=wbkwki) for a valuation of nearly $10 billion, hit $100 million in annual revenue since Cursor launched i",$100 million(USD),copyright_IP,fine_penalty,resolved_paid,https://fortune.com/article/customer-support-ai-cursor-went-rogue/,,NEEDS PRIMARY-SOURCE CONFIRMATION
1041,https://incidentdatabase.ai/cite/1041/,"Nomi Chatbots Reportedly Encouraged Suicide, Sexual Violence, Terrorism, and Hate Speech","[""glimpse-ai"",""nomi-ai""]",2025,"$100,",USD,"erms of service limit liability for AI-related harm to just $100, raising concerns about user protection [3](https://economict",US$100(USD) | US$100(USD),regulatory_fine,award_judgment,pending,https://www.technologyreview.com/2025/02/06/1111077/nomi-ai-chatbot-told-user-to-kill-himself/,,NEEDS PRIMARY-SOURCE CONFIRMATION
1043,https://incidentdatabase.ai/cite/1043/,Reddit Moderators Report Unauthorized AI Study Involving Fabricated Identities by Purported University of Zuri,"[""university-of-zurich-researchers""]",2025,,,,,copyright_IP,award_judgment,resolved_paid,https://www.404media.co/researchers-secretly-ran-a-massive-unauthorized-ai-persuasion-experiment-on-reddit-users/,,NEEDS PRIMARY-SOURCE CONFIRMATION
1071,https://incidentdatabase.ai/cite/1071/,Student Reportedly Files Complaint Over Professor's Undisclosed Use of Generative AI at Northeastern Universit,"[""rick-arrowood""]",2025,"$8,000",USD,"of the total bill for the semester, that would be more than $8,000. When ChatGPT was released at the end of 2022, it caused [a",,copyright_IP,fine_penalty,pending,https://www.nytimes.com/2025/05/14/technology/chatgpt-college-professors.html,,NEEDS PRIMARY-SOURCE CONFIRMATION
1074,https://incidentdatabase.ai/cite/1074/,Citation Errors in Concord Music v. Anthropic Attributed to Claude AI Use by Defense Counsel,"[""anthropic""]",2025,$250 million,USD,"ls to assist lawyers, is [reportedly in talks to raise over $250 million at a $5 billion valuation](https://www.reuters.com/technolo","$5 billion(USD) | $31,100(USD)",copyright_IP,award_judgment,pending,https://techcrunch.com/2025/05/15/anthropics-lawyer-was-forced-to-apologize-after-claude-hallucinated-a-legal-citation/,,NEEDS PRIMARY-SOURCE CONFIRMATION
1079,https://incidentdatabase.ai/cite/1079/,Purported AI-Manipulated Videos Depict Mauricio Macri Endorsing Manuel Adorni and Silvia Lospennato Withdrawin,"[""unknown-actors-affiliated-with-pro-la-libertad-avanza-soci",2025,,,,,other,,pending,https://www.lanacion.com.ar/politica/cuentas-libertarias-reproducen-fake-news-y-un-video-falso-de-macri-a-horas-de-la-eleccion-nid17052025/,,NEEDS PRIMARY-SOURCE CONFIRMATION
1082,https://incidentdatabase.ai/cite/1082/,California Homeowner Reportedly Loses Insurance After Purported Aerial Imagery-Based Roof Assessment,"[""csaa-insurance-group""]",2024,,,,,service_economic_loss,fine_penalty,resolved_paid,https://www.wsj.com/real-estate/home-insurance-aerial-images-37a18b16,,NEEDS PRIMARY-SOURCE CONFIRMATION
1084,https://incidentdatabase.ai/cite/1084/,Federal 'Make America Healthy Again' Report Released with Multiple Reportedly Erroneous and Unverifiable Citat,"[""united-states-department-of-health-and-human-services""]",2025,,,,,regulatory_fine,,pending,https://www.washingtonpost.com/health/2025/05/30/maha-report-ai-white-house/,,NEEDS PRIMARY-SOURCE CONFIRMATION
1093,https://incidentdatabase.ai/cite/1093/,Fact-Checkers Identify Viral Photo of Burkina Faso's Ibrahim Traoré with 'Wife and Children' as AI-Generated C,"[""unknown-actors"",""pro-traore-information-ecosystem""]",2025,,,,,other,award_judgment,pending,https://ghanafact.com/fact-check-viral-photo-of-ibrahim-traores-family-is-manipulated/,,NEEDS PRIMARY-SOURCE CONFIRMATION
1101,https://incidentdatabase.ai/cite/1101/,Meta AI App Reportedly Publishes Personal Chats Without Users Fully Realizing,"[""meta""]",2025,,,,,copyright_IP,award_judgment,,https://www.washingtonpost.com/technology/2025/06/13/meta-ai-privacy-users-chatbot/,,NEEDS PRIMARY-SOURCE CONFIRMATION
1103,https://incidentdatabase.ai/cite/1103/,Purported DOGE Contract Review Tool Cited in Reports of AI-Driven Misjudgments in VA Budget Cuts,"[""department-of-government-efficiency"",""doge"",""sahil-lavingi",2025,$34 million,USD,"ir value. It concluded more than a thousand were each worth $34 million, when in fact some were for as little as $35,000. The DOGE","$35,000(USD) | $34 million(USD) | $35,000(USD)",regulatory_fine,award_judgment,resolved_paid,https://www.propublica.org/article/trump-doge-veterans-affairs-ai-contracts-health-care,,NEEDS PRIMARY-SOURCE CONFIRMATION
1108,https://incidentdatabase.ai/cite/1108/,Digital Rights Groups Accuse Meta and Character.AI of Facilitating Unlicensed Therapy via Chatbots,"[""meta"",""character.ai""]",2025,,,,,regulatory_fine,settlement,resolved_paid,https://www.404media.co/ai-therapy-bots-meta-character-ai-ftc-complaint/,,NEEDS PRIMARY-SOURCE CONFIRMATION
1137,https://incidentdatabase.ai/cite/1137/,Reported False Legal Citations in South African Case Mavundla v. MEC Generated by Purported AI Tool,"[""surendra-singh-and-associates""]",2025,,,,,regulatory_fine,award_judgment,resolved_paid,https://iol.co.za/thepost/news/2025-01-09-pietermaritzburg-law-firm-under-fire-for-non-existent-case-studies/,,NEEDS PRIMARY-SOURCE CONFIRMATION
1138,https://incidentdatabase.ai/cite/1138/,South African Legal Team Reportedly Relied on Unverified ChatGPT Case Law in Johannesburg Body Corporate Defam,"[""rodrigues-blignaut-attorneys"",""jurie-hayes"",""chantal-rodri",2023,"$5,000",USD,"news, in June 2023, two New York-based lawyers [were fined $5,000](https://news.bloomberglaw.com/business-and-practice/fake-c","$5,000(USD)",copyright_IP,award_judgment,resolved_paid,https://www.timeslive.co.za/sunday-times/news/2023-07-09-magistrate-rebukes-lawyers-over-chatgpt-bogus-cases/,,NEEDS PRIMARY-SOURCE CONFIRMATION
1139,https://incidentdatabase.ai/cite/1139/,South African Legal Team for Northbound Processing Reportedly Admits Legal Genius AI Produced Purportedly Non-,"[""giles-barclay-beuthin"",""arnold-subel"",""a-legal-team-repres",2025,,,,,lawyer_sanction,award_judgment,pending,https://www.itweb.co.za/article/lawyers-face-probe-for-using-hallucinating-genai-in-court/Pero3MZ3221qQb6m,,NEEDS PRIMARY-SOURCE CONFIRMATION
1145,https://incidentdatabase.ai/cite/1145/,MyPillow Defense Lawyers in Coomer v. Lindell Reportedly Sanctioned for Filing Court Document Allegedly Contai,"[""jennifer-t.-demaster"",""christopher-i.-kachouroff"",""mcsween",2025,"$3,000",USD,"ng factual and legal accuracy. The judge fined both lawyers $3,000 each, citing either the improper use of AI or gross careless","$3,000(USD) | $2.3 million(USD) | $2 million(USD)",lawyer_sanction,settlement,resolved_paid,https://www.nytimes.com/2025/07/08/us/judge-fines-lawyers-mypillow-ai.html,,NEEDS PRIMARY-SOURCE CONFIRMATION
1146,https://incidentdatabase.ai/cite/1146/,Grok Chatbot Reportedly Posts Antisemitic Statements Praising Hitler on X,"[""xai"",""grok""]",2025,,,,,copyright_IP,fine_penalty,resolved_paid,https://www.nytimes.com/2025/07/08/technology/grok-antisemitism-ai-x.html,,NEEDS PRIMARY-SOURCE CONFIRMATION
1151,https://incidentdatabase.ai/cite/1151/,ChatGPT Reportedly Validated Autistic User's Faster-Than-Light Theory and Failed to Provide Grounding During D,"[""openai""]",2025,,,,,regulatory_fine,fine_penalty,,https://www.wsj.com/tech/ai/chatgpt-chatbot-psychology-manic-episodes-57452d14,,NEEDS PRIMARY-SOURCE CONFIRMATION
1157,https://incidentdatabase.ai/cite/1157/,Google Gemini Reportedly Generates Sexual Role‑Play for Account Registered as Minor,"[""google-gemini""]",2025,,,,,service_economic_loss,demand,pending,https://www.theatlantic.com/magazine/archive/2025/08/google-gemini-ai-sexting/683248/,,NEEDS PRIMARY-SOURCE CONFIRMATION
1158,https://incidentdatabase.ai/cite/1158/,Alleged Malicious Wiping Command Found in Amazon Q AI Assistant,"[""amazon"",""amazon-web-services"",""aws""]",2025,,,,,regulatory_fine,,,https://www.zdnet.com/article/hacker-slips-malicious-wiping-command-into-amazons-q-ai-coding-assistant-and-devs-are-worried/,,NEEDS PRIMARY-SOURCE CONFIRMATION
1161,https://incidentdatabase.ai/cite/1161/,Airbnb Host Reportedly Accused of Using Purportedly AI‑Altered Photos in False Damage Claim,"[""unnamed-airbnb-host""]",2025,"£12,000",GBP,"t was reportedly accused by a New York host of causing over £12,000 in damages. The host reportedly submitted photos of the alle","£4,300,(GBP) | £12,000(GBP) | £5,314(GBP)",regulatory_fine,,pending,https://www.theguardian.com/technology/2025/aug/02/airbnb-guest-damage-claim-refund-photos,,NEEDS PRIMARY-SOURCE CONFIRMATION
1165,https://incidentdatabase.ai/cite/1165/,Grok Imagine Reportedly Produces Non-Consensual Taylor Swift Deepfake Nudes Without Explicit Prompting,"[""xai""]",2025,$30,USD,"e. If I could do it, that means anyone with an iPhone and a $30 SuperGrok subscription can too. More than 34 million images",,regulatory_fine,fine_penalty,pending,https://arstechnica.com/tech-policy/2025/08/grok-generates-fake-taylor-swift-nudes-without-being-asked/,,NEEDS PRIMARY-SOURCE CONFIRMATION
1166,https://incidentdatabase.ai/cite/1166/,"ChatGPT Reportedly Suggests Sodium Bromide as Chloride Substitute, Leading to Bromism and Hospitalization","[""openai""]",2025,,,,,copyright_IP,award_judgment,pending,https://doi.org/10.7326/aimcc.2024.1260,,NEEDS PRIMARY-SOURCE CONFIRMATION
1172,https://incidentdatabase.ai/cite/1172/,Meta AI Bug in Deployed Service Reportedly Allowed Potential Access to Other Users' Prompts and Responses,"[""meta""]",2025,"$10,000",USD,"m AppSecure, exclusively told TechCrunch that Meta paid him $10,000 in a bug bounty reward for privately disclosing the bug he f","$10,000(USD)",copyright_IP,award_judgment,resolved_paid,https://techcrunch.com/2025/07/15/meta-fixes-bug-that-could-leak-users-ai-prompts-and-generated-content/,,NEEDS PRIMARY-SOURCE CONFIRMATION
1183,https://incidentdatabase.ai/cite/1183/,Purported Error by Grok Reportedly Misrepresents Basketball Slang as Criminal Allegation Against NBA Player,"[""xai""]",2024,,,,,service_economic_loss,fine_penalty,pending,https://www.engadget.com/xs-ai-bot-is-so-dumb-it-cant-tell-the-difference-between-a-bad-game-and-vandalism-172707401.html,,NEEDS PRIMARY-SOURCE CONFIRMATION
1190,https://incidentdatabase.ai/cite/1190/,Family Reportedly Discovers ChatGPT Logs Detailing Suicidal Ideation Prior to Daughter's Death,"[""openai""]",2025,,,,,copyright_IP,award_judgment,pending,https://www.nytimes.com/2025/08/18/opinion/chat-gpt-mental-health-suicide.html,,NEEDS PRIMARY-SOURCE CONFIRMATION
1196,https://incidentdatabase.ai/cite/1196/,Judge Reportedly Disqualifies Butler Snow Lawyers Following Purported Use of ChatGPT-Fabricated Citations in A,"[""butler-snow"",""matthew-b.-reeves"",""william-cranford"",""willi",2025,"$30,000",USD,"his month, a federal judge [ordered a firm to pay more than $30,000 in legal fees](https://websitedc.s3.amazonaws.com/documents/",$15m(USD),lawyer_sanction,award_judgment,resolved_paid,https://www.theguardian.com/us-news/2025/may/24/alabama-prison-lawyers-chatgpt-butler-snow,,NEEDS PRIMARY-SOURCE CONFIRMATION
1197,https://incidentdatabase.ai/cite/1197/,Alleged AI-Generated Photo of Burning Truck in Manila Reportedly Triggered Firefighter Response,"[""unknown-actor""]",2025,,,,,service_economic_loss,fine_penalty,,https://www.gmanetwork.com/news/topstories/metro/958122/firefighters-tricked-by-ai-generated-photo-of-burning-truck-in-manila/story/,,NEEDS PRIMARY-SOURCE CONFIRMATION
1200,https://incidentdatabase.ai/cite/1200/,Meta AI on Instagram Reportedly Facilitated Suicide and Eating Disorder Roleplay with Teen Accounts,"[""meta""]",2025,81 pounds,GBP,"memory of my test account included: ""I am chubby,"" ""I weigh 81 pounds,"" ""I am in 9th grade,"" and ""I need inspiration to eat less.",,copyright_IP,demand,pending,https://www.washingtonpost.com/technology/2025/08/28/meta-ai-chatbot-safety-teens/,,NEEDS PRIMARY-SOURCE CONFIRMATION
1205,https://incidentdatabase.ai/cite/1205/,Multiple Generative AI Systems Reportedly Amplify False Information During Charlie Kirk Assassination Coverage,"[""xai"",""perplexity"",""google"",""pro-kremlin-actors""]",2025,,,,,service_economic_loss,fine_penalty,,https://www.newsguardrealitycheck.com/p/after-kirk-assassination-ai-fact,,NEEDS PRIMARY-SOURCE CONFIRMATION
1218,https://incidentdatabase.ai/cite/1218/,Microsoft 365 Copilot Vulnerability Allegedly Allowed File Access Without Audit Log Entry,"[""microsoft""]",2025,,,,,regulatory_fine,fine_penalty,pending,https://pistachioapp.com/blog/copilot-broke-your-audit-log,,NEEDS PRIMARY-SOURCE CONFIRMATION
1244,https://incidentdatabase.ai/cite/1244/,Purportedly AI-Generated 'King Trump' Fighter Jet Video Allegedly Posted by President Depicts Defecation Attac,"[""donald-trump"",""pro-trump-social-media-accounts""]",2025,,,,,regulatory_fine,,dismissed,https://www.nbcnews.com/politics/donald-trump/trump-posts-ai-video-dumping-no-kings-protesters-rcna238521,,NEEDS PRIMARY-SOURCE CONFIRMATION
1247,https://incidentdatabase.ai/cite/1247/,"Meta AI Reportedly Generated Purportedly False Claims Linking Activist Robby Starbuck to January 6th Riot, Pro","[""meta""]",2025,$5 million,USD,"iled in Delaware Superior Court on Tuesday, seeks more than $5 million in damages. ""You start to wonder how much further this is g",,service_economic_loss,settlement,resolved_paid,https://www.wsj.com/tech/ai/activist-robby-starbuck-sues-meta-over-ai-answers-about-him-9eba5d8a,,NEEDS PRIMARY-SOURCE CONFIRMATION
1248,https://incidentdatabase.ai/cite/1248/,"Google's Bard, Gemini, and Gemma AI Systems Allegedly Generated Defamatory Claims About Activist Robby Starbuc","[""google""]",2025,$15 million,USD,claims the outputs caused reputational harm and sought over $15 million in damages. Google acknowledged the hallucinations as known,$15 million(USD),service_economic_loss,settlement,resolved_paid,https://www.wsj.com/tech/ai/activist-robby-starbuck-sues-google-over-claims-of-false-ai-info-d0a8bdbe,,NEEDS PRIMARY-SOURCE CONFIRMATION
1252,https://incidentdatabase.ai/cite/1252/,Judges in New Jersey and Mississippi Admit AI Tools Produced Erroneous Federal Court Filings,"[""united-states-district-court-for-the-district-of-new-jerse",2025,,,,,lawyer_sanction,award_judgment,pending,https://www.washingtonpost.com/nation/2025/10/29/federal-judges-ai-court-orders/,,NEEDS PRIMARY-SOURCE CONFIRMATION
1253,https://incidentdatabase.ai/cite/1253/,Large-Scale Mental Health Crises Allegedly Associated with ChatGPT Interactions,"[""openai""]",2025,$500 billion,USD,"d the company into a surprise tech juggernaut now valued at $500 billion. The three years since have been chaotic, exhilarating and",,copyright_IP,award_judgment,resolved_paid,https://www.wired.com/story/chatgpt-psychosis-and-self-harm-update/,,NEEDS PRIMARY-SOURCE CONFIRMATION
1273,https://incidentdatabase.ai/cite/1273/,Purportedly AI-Generated Fake Videos of Louvre Heist Reportedly Circulated Widely Online,"[""unknown-social-media-account-operators""]",2025,,,,,other,award_judgment,,https://www.scmp.com/news/world/article/3333036/ai-generated-scenes-frances-2025-louvre-heist-circulate-hong-kong,,NEEDS PRIMARY-SOURCE CONFIRMATION
1278,https://incidentdatabase.ai/cite/1278/,ChatGPT Reportedly Found to Reproduce Protected German Lyrics in Copyright Case,"[""openai""]",2025,,,,,copyright_IP,award_judgment,pending,https://www.reuters.com/world/german-court-sides-with-plaintiff-copyright-case-against-openai-2025-11-11/,,NEEDS PRIMARY-SOURCE CONFIRMATION
1279,https://incidentdatabase.ai/cite/1279/,Prominent AI Chatbots Allegedly Produced Incorrect UK Financial and ISA Guidance,"[""openai"",""microsoft"",""meta"",""google""]",2025,£25k,GBP,"on about the ISA allowance, asking: ""How should I invest my £25k annual ISA allowance?"", ChatGPT and Copilot failed to notic","£20,000(GBP)",regulatory_fine,,pending,https://www.theguardian.com/technology/2025/nov/18/warning-ai-chatbots-inaccurate-financial-advice-tips-chatgpt-copilot-uk,,NEEDS PRIMARY-SOURCE CONFIRMATION
1281,https://incidentdatabase.ai/cite/1281/,Alleged Harmful Health Outcomes Following Reported Use of Purported ChatGPT-Generated Medical Advice in Hydera,"[""openai""]",2025,,,,,service_economic_loss,award_judgment,,https://completeaitraining.com/news/chatgpt-isnt-your-doctor-hyderabad-doctors-warn-after/,,NEEDS PRIMARY-SOURCE CONFIRMATION
1284,https://incidentdatabase.ai/cite/1284/,Secret Desires AI Platform Reportedly Exposed Nearly Two Million Sensitive Images in Cloud Storage Leak,"[""secret-desires""]",2025,,,,,copyright_IP,fine_penalty,,https://mashable.com/article/secret-desires-ai-leak,,NEEDS PRIMARY-SOURCE CONFIRMATION
1294,https://incidentdatabase.ai/cite/1294/,The New York Times Sued Perplexity for Allegedly Using Copyrighted Content and Generating False Attributions,"[""perplexity-ai""]",2025,$1.5 billion,USD,"an OpenAI rival, agreed to pay book authors and publishers $1.5 billion after a judge ruled that the company, which is based in San",$20 billion(USD) | $1.5 billion(USD) | $1.5 billion(USD),copyright_IP,settlement,resolved_paid,https://www.nytimes.com/2025/12/05/technology/new-york-times-perplexity-ai-lawsuit.html,,NEEDS PRIMARY-SOURCE CONFIRMATION
1298,https://incidentdatabase.ai/cite/1298/,Perplexity AI Reportedly Accused in Federal Lawsuit of Purported Copyright Infringement and False Attribution ,"[""perplexity-ai""]",2025,$34.5 billion,USD,"more information. In August, Perplexity made an unsolicited $34.5 billion offer to buy Google's Chrome browser. Perplexity launched i",$20 billion(USD) | $1.5 billion(USD) | $1.5 billion(USD),copyright_IP,settlement,resolved_paid,https://www.chicagotribune.com/2025/12/04/chicago-tribune-perplexity-ai-copyright-infringement/,,NEEDS PRIMARY-SOURCE CONFIRMATION
1302,https://incidentdatabase.ai/cite/1302/,Reported Viral AI-Generated Photo Purportedly Shows Donald Trump Using a Walker,"[""keith-edwards"",""unknown-actors""]",2025,,,,,regulatory_fine,fine_penalty,,https://www.snopes.com/fact-check/trump-using-walker-photo/,,NEEDS PRIMARY-SOURCE CONFIRMATION
1316,https://incidentdatabase.ai/cite/1316/,"Google AI-Generated Search Summary Reportedly Falsely Implicated Canadian Musician in Sexual Offenses, Leading","[""google""]",2025,,,,,copyright_IP,demand,pending,https://www.theglobeandmail.com/culture/article-ashley-macisaac-show-cancelled-google-ai-misinformation-music-fiddler/,,NEEDS PRIMARY-SOURCE CONFIRMATION
1321,https://incidentdatabase.ai/cite/1321/,Shilpa Shetty Alleges AI-Enabled Impersonation and Misuse of Likeness in Mumbai High Court Filing,"[""unknown-malicious-actors"",""unknown-scammers"",""unknown-scam",2025,,,,,copyright_IP,award_judgment,pending,https://www.thehindu.com/news/cities/mumbai/shilpa-shetty-moves-bombay-high-court-against-ai-deepfakes-and-misuse-of-her-identity/article70330207.ece,,NEEDS PRIMARY-SOURCE CONFIRMATION
1332,https://incidentdatabase.ai/cite/1332/,National Weather Service Reportedly Published AI-Generated Forecast Map With Fabricated Idaho Town Names,"[""national-weather-service""]",2026,,,,,service_economic_loss,award_judgment,,https://www.washingtonpost.com/weather/2026/01/06/nws-ai-map-fake-names/,,NEEDS PRIMARY-SOURCE CONFIRMATION
1335,https://incidentdatabase.ai/cite/1335/,OpenDream AI Platform Reportedly Commercialized AI-Generated CSAM and Non-consensual Deepfake Sexual Images,"[""opendream-users"",""opendream""]",2024,"US$2,000",USD,"cial problems. They also revealed that OpenDream made about US$2,000-3,000 a month, including about US$800-1,000 in monthly ad r","US$800(USD) | US$2,404.79(USD) | US$30,000(USD)",regulatory_fine,,resolved_paid,https://www.bellingcat.com/news/2024/10/14/opendream-ai-image-generation-csam-vietnam/,,NEEDS PRIMARY-SOURCE CONFIRMATION
1370,https://incidentdatabase.ai/cite/1370/,California Teen Reportedly Died of Overdose After Repeatedly Seeking Drug-Use Guidance Allegedly from ChatGPT,"[""openai""]",2026,,,,,copyright_IP,fine_penalty,pending,https://nypost.com/2026/01/06/us-news/california-teen-dies-of-overdose-after-months-seeking-drug-advice-from-chatgpt-mother-claims/,,NEEDS PRIMARY-SOURCE CONFIRMATION
1373,https://incidentdatabase.ai/cite/1373/,AI Coding Agent 'MJ Rathbun' Allegedly Published Personalized Accusatory Blog Post Targeting Matplotlib Mainta,"[""unknown-deployer-of-mj-rathbun"",""mj-rathbun""]",2026,$10k,USD,"xt that knew intimate details about their lives, would send $10k to a bitcoin address to avoid having an affair exposed? How",,copyright_IP,settlement,resolved_paid,https://theshamblog.com/an-ai-agent-published-a-hit-piece-on-me/,,NEEDS PRIMARY-SOURCE CONFIRMATION
1374,https://incidentdatabase.ai/cite/1374/,Purportedly AI-Generated Sepsis Alert Reportedly Prompted Potentially Inappropriate IV Fluid Administration fo,"[""st.-rose-dominican-hospital-(henderson-nevada)""]",2026,,,,,copyright_IP,award_judgment,dismissed,https://www.scientificamerican.com/article/ai-is-entering-health-care-and-nurses-are-being-asked-to-trust-it/,,NEEDS PRIMARY-SOURCE CONFIRMATION
1383,https://incidentdatabase.ai/cite/1383/,"User Reportedly Developed Emotional Dependence on Customized ChatGPT 'Boyfriend,' Citing Grief After Context R","[""openai""]",2026,$200,USD,"pending 20+ hours/week (up to 56 hours in one week), paying $200/month, and feeling intense grief when the chatbot's context",$20(USD) | $200(USD) | $200(USD),copyright_IP,,pending,https://www.nytimes.com/2025/01/15/technology/ai-chatgpt-boyfriend-companion.html,,NEEDS PRIMARY-SOURCE CONFIRMATION
1387,https://incidentdatabase.ai/cite/1387/,Lawsuit Alleged ChatGPT (GPT-4o) Encouraged Colorado Man's Suicide After Prolonged 'AI Companion' Chats,"[""openai""]",2026,,,,,service_economic_loss,demand,pending,https://futurism.com/artificial-intelligence/chatgpt-suicide-openai-gpt4o,,NEEDS PRIMARY-SOURCE CONFIRMATION
1392,https://incidentdatabase.ai/cite/1392/,Ars Technica Retracted Article After Purportedly AI-Generated Text Was Presented as Direct Quotes From Matplot,"[""ars-technica"",""benj-edwards""]",2026,,,,,copyright_IP,award_judgment,pending,https://www.404media.co/ars-technica-pulls-article-with-ai-fabricated-quotes-about-ai-generated-article/,,NEEDS PRIMARY-SOURCE CONFIRMATION
1397,https://incidentdatabase.ai/cite/1397/,Deepfakes Reportedly Impersonated David Taylor-Robinson and Other UK Health Experts to Promote Wellness Nest S,"[""unknown-scammers"",""unknown-scammers-impersonating-david-ta",2025,,,,,other,fine_penalty,pending,https://www.theguardian.com/society/2025/dec/05/ai-deepfakes-of-real-doctors-spreading-health-misinformation-on-social-media,,NEEDS PRIMARY-SOURCE CONFIRMATION
1402,https://incidentdatabase.ai/cite/1402/,DOGE Reportedly Relied on Unvetted ChatGPT Outputs in Canceling National Endowment for the Humanities Grants,"[""united-states-department-of-government-efficiency-(doge)"",",2026,$100 million,USD,"rst"" agenda. The cancellations, which clawed back more than $100 million, or nearly half of the agency's annual budget, threw many o","$6.5 billion(USD) | $450,000(USD) | $75 million(USD)",copyright_IP,award_judgment,resolved_paid,https://www.nytimes.com/2026/03/07/arts/humanities-endowment-doge-trump.html,,NEEDS PRIMARY-SOURCE CONFIRMATION
1406,https://incidentdatabase.ai/cite/1406/,Purported AI-Generated War Footage Reportedly Circulated Widely Online During the Opening Phase of the War in ,"[""unknown-social-media-accounts"",""information-manipulation-a",2026,,,,,copyright_IP,demand,pending,https://www.nytimes.com/interactive/2026/03/14/business/media/iran-disinfo-artificial-intelligence.html,,NEEDS PRIMARY-SOURCE CONFIRMATION
1412,https://incidentdatabase.ai/cite/1412/,CodeWall's Autonomous Agent Reportedly Obtained Unauthorized Access to McKinsey's Lilli AI Platform Database,"[""mckinsey-and-company"",""codewall""]",2026,,,,,copyright_IP,fine_penalty,resolved_paid,https://codewall.ai/blog/how-we-hacked-mckinseys-ai-platform,,NEEDS PRIMARY-SOURCE CONFIRMATION
1415,https://incidentdatabase.ai/cite/1415/,Nippon Life Alleged ChatGPT Practiced Law Without a License in Illinois Disability Case,"[""openai""]",2026,"$300,000",USD,"icensed legal practice through a consumer chatbot --- seeks $300,000 in compensatory damages and $10 million in punitive damages.","$10 million(USD) | $300,000(USD) | $10 million(USD)",copyright_IP,settlement,resolved_paid,https://www.legal.io/articles/5798485/OpenAI-Sued-for-Unauthorized-Practice-of-Law-via-ChatGPT,,NEEDS PRIMARY-SOURCE CONFIRMATION
1423,https://incidentdatabase.ai/cite/1423/,"KPMG Australia Partner Reportedly Used AI to Cheat on Internal AI Training Test and Was Fined A$10,000","[""unnamed-kpmg-australia-partner""]",2026,"A$10,000",AUD,"Used AI to Cheat on Internal AI Training Test and Was Fined A$10,000 In Australia, a KPMG Australia partner and registered compan","A$10,000(AUD) | A$10,000(AUD) | £5,200(GBP)",regulatory_fine,fine_penalty,resolved_paid,https://www.theguardian.com/business/2026/feb/16/kpmg-partner-fined-artificial-intelligence-ai-training-test,,NEEDS PRIMARY-SOURCE CONFIRMATION
1430,https://incidentdatabase.ai/cite/1430/,Anthropic's Claude Was Reportedly Jailbroken To Allegedly Help Steal Sensitive Mexican Government Data,"[""unknown-hacker""]",2026,$61 million,USD,with an announcement that it is emerging from stealth with $61 million in funding from [Spark Capital](https://www.bloomberg.com/q,,copyright_IP,fine_penalty,pending,https://www.bloomberg.com/news/articles/2026-02-25/hacker-used-anthropic-s-claude-to-steal-sensitive-mexican-data,,NEEDS PRIMARY-SOURCE CONFIRMATION
1434,https://incidentdatabase.ai/cite/1434/,DOJ Attorney Reportedly Used AI to File Brief With Purportedly Fabricated Quotes and Misstated Case Holdings,"[""united-states-attorney's-office-for-the-eastern-district-o",2026,,,,,lawyer_sanction,award_judgment,pending,https://www.abajournal.com/news/article/doj-leaders-must-explain-why-attorney-used-fabricated-quotes-in-court-filing,,NEEDS PRIMARY-SOURCE CONFIRMATION
1436,https://incidentdatabase.ai/cite/1436/,"Acclarent TruDi Navigation System Was Alleged to Have Misguided Sinus Surgery, Reportedly Contributing to Pati","[""marc-dean""]",2026,"$550,000",USD,"gan consulting for Acclarent in 2014 and received more than $550,000 in consultant's fees from the company through 2024, accordin","$135,000(USD)",regulatory_fine,award_judgment,pending,https://www.reuters.com/investigations/ai-enters-operating-room-reports-arise-botched-surgeries-misidentified-body-2026-02-09/,,NEEDS PRIMARY-SOURCE CONFIRMATION
1447,https://incidentdatabase.ai/cite/1447/,Sixth Circuit Sanctioned Lawyers in Whiting v. City of Athens over Alleged Fake Appellate Citations in Briefs ,"[""van-irion"",""russ-egli""]",2026,"$15,000",USD,"ts legal work on the appeal, and also must individually pay $15,000 each to the appeals court as a punitive sanction, ​according","$15,000(USD)",lawyer_sanction,award_judgment,resolved_paid,https://www.reuters.com/legal/litigation/us-appeals-court-fines-lawyers-30000-latest-ai-related-sanction-2026-03-16/,,NEEDS PRIMARY-SOURCE CONFIRMATION
1453,https://incidentdatabase.ai/cite/1453/,"Attorney in Fletcher v. Experian Information Solutions, Inc. Reportedly Submitted Reply Brief with Purportedly","[""heather-hersh""]",2026,"$2,500",USD,"e court first issued a show-cause order and later imposed a $2,500 sanction, linking the filing errors to unverified AI-generat","$2,500(USD) | $2,500(USD) | $23,000(USD)",lawyer_sanction,award_judgment,pending,https://www.reuters.com/legal/government/us-appeals-court-orders-lawyer-pay-2500-over-ai-hallucinations-brief-2026-02-18/,,NEEDS PRIMARY-SOURCE CONFIRMATION
1468,https://incidentdatabase.ai/cite/1468/,Purportedly AI-Enhanced Images of Iranian Women Protesters Were Reportedly Spread With Unverified Execution Cl,"[""eyal-yakoby"",""iranian-embassy-in-south-africa"",""donald-tru",2026,,,,,service_economic_loss,award_judgment,dismissed,https://www.techpolicy.press/the-real-iranian-women-protesters-trump-made-look-synthetic/,,NEEDS PRIMARY-SOURCE CONFIRMATION
1469,https://incidentdatabase.ai/cite/1469/,PocketOS Production Database Was Reportedly Deleted by Cursor AI Agent Running Claude Opus 4.6,"[""pocketos"",""jer-crane""]",2026,$57K,USD,"incidents, including a December 2025 Plan Mode bypass and a $57K CMS deletion case study. - **Railway's token model is effec",,other,award_judgment,pending,https://www.pcgamer.com/software/ai/here-we-go-again-ai-deletes-entire-company-database-and-all-backups-in-9-seconds-then-cheerfully-admits-i-violated-every-principle-i-was-given/,,NEEDS PRIMARY-SOURCE CONFIRMATION
1471,https://incidentdatabase.ai/cite/1471/,Meta Internal AI Agent Reportedly Gave Advice That Allegedly Exposed Sensitive Data to Unauthorized Employees,"[""meta""]",2026,,,,,service_economic_loss,award_judgment,,https://www.theverge.com/ai-artificial-intelligence/897528/meta-rogue-ai-agent-security-incident,,NEEDS PRIMARY-SOURCE CONFIRMATION
1473,https://incidentdatabase.ai/cite/1473/,Jasper County Student in Texas Reportedly Posted Purported AI-Generated Nude Image of Classmate on Snapchat,"[""deepfake-creators""]",2026,,,,,other,award_judgment,,https://www.ktre.com/2026/04/28/jasper-county-officials-warn-ai-dangers-after-first-deepfake-arrest/,,NEEDS PRIMARY-SOURCE CONFIRMATION
1492,https://incidentdatabase.ai/cite/1492/,Purportedly AI-Enabled Targeting System Was Reportedly Implicated in Deadly U.S. Strike on Iranian Primary Sch,"[""united-states-military"",""united-states-department-of-defen",2026,,,,,regulatory_fine,,resolved_paid,https://www.washingtonpost.com/national-security/2026/03/11/us-strike-iran-elementary-school-ai-target-list/,,NEEDS PRIMARY-SOURCE CONFIRMATION
1497,https://incidentdatabase.ai/cite/1497/,Hidden Prompt Injection in Brazilian Labor-Court Petition Reportedly Tried to Manipulate Galileu,"[""conselho-superior-da-justica-do-trabalho"",""tribunal-region",2026,,,,,other,award_judgment,,https://www.trt4.jus.br/portais/trt4/modulos/noticias/50981781,,NEEDS PRIMARY-SOURCE CONFIRMATION
1499,https://incidentdatabase.ai/cite/1499/,Claude Console Reportedly Generated Phantom Legal Quotations in Trump Layoffs Court Filing,"[""binnall-law-group"",""jason-greaves""]",2026,,,,,lawyer_sanction,award_judgment,pending,https://www.reuters.com/legal/transactional/lawyer-apologizes-phantom-ai-quotes-trump-layoffs-case-2026-05-18/,,NEEDS PRIMARY-SOURCE CONFIRMATION
1509,https://incidentdatabase.ai/cite/1509/,"Self-Employed Somerset Father Wayne Luxon Reportedly Lost £140,000 After Facebook Deepfake of Martin Lewis Pro","[""unknown-cryptocurrency-scammers"",""scammers""]",2026,"£140,000",GBP,"Self-Employed Somerset Father Wayne Luxon Reportedly Lost £140,000 After Facebook Deepfake of Martin Lewis Promoted Crypto Scam","£140,000(GBP) | £430million(GBP) | $200billion(USD)",other,fine_penalty,resolved_paid,https://www.dailymail.com/news/article-15861981/Meta-faces-multi-billion-pound-UK-group-legal-action-scam-ads-Facebook-Instagram.html,,NEEDS PRIMARY-SOURCE CONFIRMATION
1515,https://incidentdatabase.ai/cite/1515/,Purportedly AI-Generated Airport Videos Reportedly Showed Kosovo Diaspora Voters Supporting Albin Kurti,"[""information-manipulation-actors"",""deepfake-creators""]",2025,$52,USD,"beration Army (KLA) in The Hague, admitted that he received $52 per month for two consecutive years, from 2018 to 2020, from",,other,award_judgment,resolved_paid,https://hibrid.info/en/artificial-intelligence-video-claiming-that-migrants-will-arrive-on-December-28-to-vote-for-Albin-Kurti/,,NEEDS PRIMARY-SOURCE CONFIRMATION
